split,group_column,group_value,row_count,mae,rmse,mean_error,median_absolute_error,p90_absolute_error,total_error_contribution
test,Direction,W,15470,7.958824857160131,18.708946964565573,-3.2755773605630716,3.3890395164489746,15.921080017089844,123123.02054026723
test,Direction,E,16010,7.61170420819413,17.235622981132725,-3.024737271400335,3.388188600540161,15.45552673339844,121863.38437318802
test,Direction,Unknown,11470,9.892886814275553,23.57167674637308,-3.961437874997437,4.342679023742676,18.760905075073243,113471.41175974059
test,Direction,N,15175,7.384198633862485,17.557935350659083,-2.651017163624677,3.0986151695251465,14.828225898742678,112055.2142688632
test,Direction,S,14982,7.072119766080703,16.812487296938436,-2.4186292795588473,2.9404067993164062,14.275705432891844,105954.49833542109
test,Direction,B,27,39.9864040657326,57.78124074252409,-23.266789189091437,21.048316955566406,98.91423263549815,1079.6329097747803
test,Incident,Diversion,5527,39.12431725787927,57.614837590228774,-20.40754431152896,24.136581420898438,99.17200317382816,216240.10148429874
test,Incident,Mechanical,21566,3.8425529682740183,6.656055831569674,-1.596894613856079,2.3470776081085205,8.659643650054932,82868.49731379747
test,Incident,General Delay,5843,9.646897691055742,15.392723484671029,3.0978465515386358,8.564043998718262,15.981454849243164,56366.8232088387
test,Incident,Security,6813,6.599157664356402,12.3034030150465,-2.1910964304951874,4.394406318664551,13.218930816650392,44960.061167260166
test,Incident,Operations - Operator,10185,4.3574770369773175,6.881096268654519,-1.3557074562497857,2.6680774688720703,10.207461929321292,44380.90362161398
test,Incident,Emergency Services,4697,6.9727678894572325,11.57640491242231,-3.8821004215788117,4.476149082183838,15.281931495666505,32751.09077678062
test,Incident,Collision - TTC,4339,4.129390832930366,6.967082064506972,-1.5188871867033913,2.4061927795410156,9.763232040405274,17917.426824084858
test,Incident,Cleaning - Unsanitary,3719,3.7023064939765464,6.882664574609666,-1.7997153230125655,2.0098519325256348,8.743787384033205,13768.877851098776
test,Incident,Utilized Off Route,3036,4.045628308975021,10.153521555223985,-2.0443250949596385,2.2527756690979004,8.765160083770752,12282.527546048164
test,Incident,Operations,2280,5.2910004292271635,12.139575487257927,-3.669609057733364,2.3354518413543697,11.559248733520509,12063.480978637932
test,Incident,Held By,739,14.047509519108578,26.884493075064704,-6.719363803147302,6.355101585388184,36.42458362579347,10381.109534621239
test,Incident,Collision - TTC Involved,675,15.294543030416524,29.226552737936885,-9.683953675274497,5.363083839416504,47.124872589111334,10323.816545531154
test,Incident,Vision,1935,4.170148733111931,6.320323729913892,-2.0838921440356155,2.5376415252685565,10.010281944274906,8069.2377985715875
test,Incident,Investigation,1393,5.602927052003397,11.150363871266014,-1.7551866170962938,3.107823371887207,11.871281051635732,7804.877383440733
test,Incident,Road Blocked - NON-TTC Collision,183,23.88310915003709,29.78887808491972,6.079043779216829,20.21161651611328,39.823476409912125,4370.608974456787
test,Incident,Rail/Switches,146,11.177933643125508,22.111119022171927,-1.3480385533750874,8.28477430343628,14.815018653869629,1631.9783118963242
test,Incident,Overhead,58,23.54729079789129,38.66350318578995,-10.499125912271698,12.847425937652588,71.91458320617677,1365.7428662776947
test,Location,KENNEDY STATION,1801,4.765628262058414,8.658035662673043,-2.214589837823748,3.0465011596679688,10.513498306274414,8582.896499967203
test,Location,EGLINTON STATION,972,5.751163945675142,12.329179507743603,-2.076646773014294,3.4751548767089844,11.999228858947754,5590.131355196238
test,Location,KIPLING STATION,1174,4.090906763008242,8.380171587406807,-1.2874370567513285,2.4834712743759155,9.382350444793701,4802.724539771676
test,Location,WILSON STATION,891,4.855059250704233,8.795272622899164,-1.206063575616188,2.3963260650634766,11.688409805297852,4325.857792377472
test,Location,FINCH STATION,873,4.2885626382178454,6.502729709105752,-0.9827562562634855,2.6650352478027344,10.096871852874756,3743.915183164179
test,Location,DUNDAS WEST STATION,478,7.667059298090356,16.8700530295534,-4.391860567625597,3.7083344459533683,15.638701105117802,3664.8543444871902
test,Location,WARDEN STATION,593,5.929597386898721,10.045960303033393,-1.9437538959575946,3.98614501953125,12.168015480041504,3516.2512504309416
test,Location,BROADVIEW STATION,689,4.7605606082215886,10.285734429915008,-2.0562588625272578,2.2298288345336914,9.658409500122074,3280.0262590646744
test,Location,PIONEER VILLAGE STATIO,738,3.9002800917399285,7.9696303101128825,-0.10837069557611212,2.05428409576416,8.555555915832528,2878.4067077040672
test,Location,YORK MILLS STATION,532,4.992247670384726,7.443702479416626,-0.653281304116984,2.8734164237976074,11.907909393310545,2655.8757606446743
test,Location,EGLINTON WEST STATION,482,5.505997445326129,8.866876810488977,-2.9338329501171825,2.4325647354125977,16.541863918304447,2653.890768647194
test,Location,SCARBOROUGH CENTRE STATION,565,4.395665293035254,6.456537452047533,-2.420133563164061,3.0551042556762695,9.73447952270508,2483.5508905649185
test,Location,DON MILLS STATION,477,5.202252940499307,7.401127418124238,-2.266039066906995,3.3895883560180664,11.136987113952637,2481.47465261817
test,Location,SHEPPARD WEST STATION,385,5.387290057578644,7.134676198988824,-2.091870777328293,4.080962181091309,11.574327468872072,2074.106672167778
test,Location,KING AND CHURCH,123,16.26539348586788,35.4376101307687,-7.114306818178998,7.758109092712402,29.67721138000488,2000.643398761749
test,Location,SPADINA STATION,349,5.482083474197839,12.15248416842822,-1.4469652858624145,3.0271334648132324,10.800668334960934,1913.2471324950457
test,Location,MAIN STREET STATION,396,4.412303626386806,7.202004994443722,-1.4557259439518957,2.2509865760803223,10.911481380462646,1747.2722360491753
test,Location,VICTORIA PARK STATION,343,5.045679377896967,8.720070687267103,-2.647073777202441,2.2462053298950195,12.805392837524415,1730.6680266186597
test,Location,STREET CLAIR STATION,231,7.400669494748632,11.973896495930738,-3.3078097383697314,3.482468605041504,18.096922874450684,1709.554653286934
test,Location,EXHIBITION LOOP,204,8.052798374026429,21.338325567308544,-1.1132072046691297,2.9223859310150146,14.51871404647833,1642.7708683013914
test,Location,FRONT AND BAY,153,10.490943015790453,25.167477534299806,-1.3770803766312942,5.166184425354004,19.48405532836914,1605.1142814159393
test,Location,BATHURST STATION,366,4.247093614129747,9.636720728119723,-1.276211900667089,1.9480886459350586,9.190489768981934,1554.4362627714872
test,Location,LONG BRANCH LOOP,146,10.346833868794246,19.595318342115075,-5.934254023310256,5.461747884750366,22.591376066207886,1510.6377448439598
test,Location,ISLINGTON STATION,263,5.56139261448338,7.7687786603418925,-2.5571788679737555,3.5851087570190447,12.230765724182131,1462.646257609129
test,Location,RUNNYMEDE STATION,174,8.399362586010461,12.775871046728126,-3.4196166882569763,6.128566265106202,14.368797397613527,1461.4890899658203
test,Location,QUEEN AND LESLIE,168,8.590520131446066,15.909822115139605,0.534145672406469,4.965297698974609,18.551605606079125,1443.2073820829391
test,Location,KEELE STATION,400,3.59653351098299,5.737328864433245,-0.2732684043049812,2.371062755584717,8.17316160202027,1438.613404393196
test,Location,JANE AND WILSON,131,10.49285352412071,29.05741053182427,-6.682556125953908,3.1411476135253906,14.303053855895996,1374.563811659813
test,Location,LAWRENCE AND JANE,150,8.603956311146419,20.505970321917573,-4.012790864706039,4.6806068420410165,14.173877811431888,1290.5934466719627
test,Location,ROYAL YORK STATION,243,5.2614899775618875,6.9468448011787425,-2.8275642007466697,4.192007064819336,10.472335052490234,1278.5420645475388
test,Location,HUMBER LOOP,195,6.452593931479332,13.096920732258369,-2.4115590893305265,3.161513328552246,12.622535324096676,1258.2558166384697
test,Location,QUEEN AND RONCESVALLES,112,11.038143783408616,25.138051797967105,-6.227823125863714,5.292877674102783,20.157010698318487,1236.272103741765
test,Location,PAPE STATION,180,6.857279830839899,19.985661210277776,-1.589910297592481,3.182178020477295,9.204239082336427,1234.3103695511818
test,Location,LAWRENCE WEST STATION,183,6.610527128795457,9.155817043522593,-1.948507093666681,4.722563743591309,15.945716857910163,1209.7264645695686
test,Location,OSSINGTON STATION,224,5.290661664147462,12.422859231555808,-0.888862510610904,2.9317188262939453,9.350397777557376,1185.1082127690315
test,Location,FINCH WEST STATION,416,2.831699661194132,5.4613088926332445,-0.7271387704576437,1.2770278453826904,7.326206922531128,1177.9870590567589
test,Location,ELLESMERE AND KENNEDY,114,10.100183545497426,30.593682678432753,-5.383923145762661,2.3613924980163574,12.250659275054934,1151.4209241867065
test,Location,BIRCHMOUNT GARAGE,191,5.925766064975586,7.941980385819921,-3.1723653644869465,4.250365257263184,12.365873336791992,1131.821318410337
test,Location,DAVISVILLE STATION,127,8.776341271682048,17.232859614587902,-4.530572119190937,7.173883438110352,14.51103324890137,1114.5953415036201
test,Location,WOLSELEY LOOP,154,6.962601438745276,23.870734038759654,-3.5755066128520223,2.0730679035186768,10.500728225708043,1072.2406215667725
test,Location,MOUNT DENNIS GARAGE,206,5.117020602649964,11.861984065066267,-0.08093200407433998,2.5639266967773438,9.878362655639648,1054.1062441458926
test,Location,QUEEN AND BROADVIEW,103,10.052169355373938,19.682832669369112,-3.9989718927920443,3.543217658996582,23.08517665863036,1035.3734436035156
test,Location,STREET CLAIR WEST STATION,107,9.514570689089945,21.939429828017847,-4.831675263765816,4.33367919921875,15.537482452392581,1018.0590637326242
test,Location,CASTLE FRANK STATION,196,5.056947647917028,7.137753978410604,-0.9882533033283389,4.520999908447266,8.909997463226318,991.1617389917374
test,Location,WILSON AND JANE,126,7.64710597575657,20.29078476011561,-4.208315998788864,2.772869110107422,11.656802654266357,963.5353529453278
test,Location,JANE AND TRETHEWEY,140,6.858143394333975,21.660943941599342,-4.29605462551117,1.9133062362670898,5.977993488311767,960.1400752067566
test,Location,SPRINGHURST LOOP,114,8.305406370183878,24.324710831278143,-5.449016583070421,1.581362247467041,17.489768314361577,946.8163262009621
test,Location,JANE STATION,258,3.568276527778123,5.251445305117119,-0.6826564244521681,2.3353524208068848,8.977624702453614,920.6153441667557
test,Location,COXWELL STATION,211,4.356109458970797,6.34056938561512,2.2211805200689776,2.6637773513793963,9.79884910583496,919.1390958428383
test,Location,YORKDALE STATION,136,6.719006889006671,15.96514045044821,-2.6018850522882797,4.137835502624512,9.753490447998049,913.7849369049072
test,Location,KINGSTON LOOP,174,5.110902921797108,6.922815348949073,0.19978725625169946,3.8817986249923706,7.712338876724246,889.2971083926968
test,Location,SUNNYSIDE LOOP,146,5.973080109243524,9.978954036574246,0.1764636072393966,4.57217001914978,12.367571830749512,872.0696959495544
test,Location,WOODBINE STATION,115,7.50329069054645,9.268850990559192,-3.4448556900024414,7.113056182861328,14.560370826721197,862.8784294128418
test,Location,MARKHAM AND SHEPPARD,125,6.777842594146729,10.597442558577642,-0.24829380416870117,4.69175910949707,14.09928016662598,847.2303242683411
test,Location,BATHURST AND WILSON,143,5.8718622080929626,21.30105730743165,-3.5885797413912686,1.1799430847167969,7.9033672332763665,839.6762957572937
test,Location,WILSON GARAGE,155,5.229992970970887,9.941967942039879,-2.2940843729698477,2.5273070335388184,12.358880174160003,810.6489105004874
test,Location,RENFORTH STATION,158,5.023304604276826,16.982776443981805,-3.2971182080763803,1.4881296157836914,10.015557956695567,793.6821274757385
test,Location,RONCESVALLES YARD,132,5.646384879890265,9.854479005431527,-1.3857101934087095,3.0548903942108154,10.846618270874028,745.322804145515
test,Location,UNION STATION,129,5.76187707426012,7.670069248234476,1.3514628294826478,5.092338562011719,9.885850143432618,743.2821425795555
test,Location,STEELES LOOP,172,4.270630535344745,5.794818563574393,0.957170897791552,3.0656628608703613,8.85279359817505,734.5484520792961
test,Location,OLD MILL STATION,145,4.540733028280324,5.875769304251143,-1.6180892286629511,3.21866512298584,9.888427925109863,658.406289100647
test,Location,YONGE AND STEELES,135,4.702907322512733,8.693320485035509,-0.2035760274639836,2.5728201866149902,10.16317071914673,634.8924885392189
test,Location,MALVERN GARAGE,127,4.787508062490328,6.676214626065773,-1.872475001286334,3.449294090270996,11.04384994506836,608.0135239362717
test,Location,KINGSTON ROAD LOOP,112,5.384057776337223,7.084873216530331,1.4284282019361854,4.8189826011657715,8.933968830108645,603.014470949769
test,Location,DUFFERIN AND LAWRENCE,191,3.028146176438057,5.152045519284081,-0.47597923391152436,1.3790545463562012,8.128604888916016,578.3759196996689
test,Location,MORNINGSIDE AND PASSMO,122,4.415496122641642,5.476536445033656,1.3189981022819144,4.019826412200929,8.153527450561525,538.6905269622803
test,Location,ELLESMERE AND MARKHAM,143,3.7463020119633708,6.0662242798196635,0.47215148869094314,2.5610761642456037,6.981743049621581,535.721187710762
test,Location,DUFFERIN GATE LOOP,146,3.47465669618894,6.290231650551228,-1.800626228933465,1.675093650817871,8.588783979415894,507.2998776435852
test,Location,QUEENSWAY GARAGE,126,3.9672088749588483,5.973004411534812,-0.23920110069097023,2.07568621635437,11.275645732879639,499.8683182448149
test,Location,SCARBOROUGH TOWN CENTR,116,4.190122749961527,6.703391761500612,-0.7844796629526235,2.697690963745118,8.138500213623047,486.05423899553716
test,Location,MEADOWVALE LOOP,107,4.084850772518978,6.214711408158583,-1.7855028816472704,2.8813962936401367,8.078066825866705,437.07903265953064
test,Location,LESLIE BARNS,122,3.5568506235226254,5.3112665269042685,0.14825399452057042,2.351628303527832,7.798641967773437,433.9357760697603
test,Location,HUMBERWOOD LOOP,115,3.613473688001218,8.905779681144883,-1.550992456726406,1.2737503051757812,9.351844882965095,415.5494741201401
test,Location,PEARSON AIRPORT TERMIN,101,4.0710418082699915,5.844016275851813,-0.7273237469172714,2.465245246887209,11.393159866333008,411.17522263526917
test,Location,ARROW GARAGE,107,3.552276125856649,5.276216009254628,-0.313242191744742,2.1976571083068848,9.066512489318852,380.09354546666145
test,Location,FINCH AND WESTON,124,2.971214167533382,5.2592037461594145,1.3100493684891732,1.2080376148223877,8.612396574020387,368.4305567741394
test,Location,EGLINTON AND KEELE,101,3.290879485630753,4.860679505286043,-0.1476887901230614,1.8804244995117205,8.837852478027344,332.37882804870605
test,Route,501,2807,9.026795140228367,20.927469152647344,-3.5651846177050515,2.9189538955688477,20.811155128479008,25338.21395862103
test,Route,504,2203,9.433985660468997,19.077501141113217,-4.60052155073913,3.7973480224609375,22.046610736846922,20783.0704100132
test,Route,505,1829,9.704049285869901,19.530230052076547,-3.783205462518841,3.8539600372314453,23.6778621673584,17748.70614385605
test,Route,506,1473,10.509659913714371,21.660263237571307,-4.5692122927022805,4.70033597946167,24.001880264282217,15480.729052901268
test,Route,52,1685,6.957770095734639,13.710638702211396,-1.7873964739836288,4.791604995727539,13.319537544250489,11723.842611312866
test,Route,503,949,11.375186877456681,22.005233764816534,-2.4868389492416783,5.272195816040041,25.342096328735355,10795.05234670639
test,Route,510,1559,6.886989430329064,17.213183902813505,-1.6884838396956938,3.1895627975463867,11.941497611999512,10736.81652188301
test,Route,32,1771,5.877938293589501,15.099403530658575,-3.157058924083182,2.03314208984375,12.748181343078612,10409.828717947006
test,Route,102,1004,9.604457302872403,16.28824104603799,-2.9524804800155153,6.163288116455078,17.26359691619873,9642.875132083893
test,Route,29,1382,5.825742290955032,17.934230061058734,-3.749035884605993,1.7829139232635498,9.783692932128918,8051.1758460998535
test,Route,96,935,8.201480632414793,20.522772659076193,-2.4134112286695184,3.7793960571289062,13.888749122619632,7668.384391307831
test,Route,512,1167,6.46272181688258,16.104531509683074,-2.107171616394906,2.7808542251586914,11.810097503662115,7541.996360301971
test,Route,85,957,7.335575434107765,14.874624082416979,-3.429946805242461,4.8124542236328125,13.336911773681638,7020.145690441132
test,Route,54,933,7.34555390716749,19.320629389926143,-3.6109856802806464,3.1580514907836914,13.130217361450205,6853.401795387268
test,Route,97,406,16.802780258244482,27.64681357928042,-7.361124335838656,8.883867263793945,34.4268102645874,6821.9287848472595
test,Route,36,1532,4.394726551699576,15.194113172287624,-2.0990261563121804,1.126220464706421,8.963483715057375,6732.721077203751
test,Route,63,1197,5.612374743522956,16.25248043547008,-1.0904211165413025,2.063721179962158,8.625078010559083,6718.012567996979
test,Route,68,455,13.439151421222059,23.79139997573599,-7.3201711518423895,8.1037015914917,26.035163497924824,6114.813896656036
test,Route,43,841,7.131769018989681,16.397168825619666,-2.367535451362873,2.578545093536377,12.12209129333496,5997.817744970322
test,Route,53,765,7.839522971358954,15.205681038300897,-4.201514519585503,4.313546180725098,13.372865009307864,5997.2350730896
test,Route,300,458,13.023145890652353,30.08750553344345,-4.725783911334375,6.9227235317230225,19.208908939361574,5964.6008179187775
test,Route,507,452,12.594320412230703,23.404353543476653,-4.5866640415866815,4.885022163391113,33.05610008239749,5692.632826328278
test,Route,35,1312,4.288310047329926,11.068249610338697,-1.3041972103642254,2.193462371826172,8.144348716735841,5626.262782096863
test,Route,511,553,10.103097187890713,22.014061902737442,-4.797373337081716,3.1153993606567383,22.35839080810547,5587.012744903564
test,Route,47,769,6.995111294933661,13.331251844270945,-1.1547512338437402,4.463253974914551,13.808872795104985,5379.240585803986
test,Route,939,843,6.351203188211751,17.450289673889525,-3.0028541803642805,3.2637243270874023,9.512703704833983,5354.064287662506
test,Route,84,602,8.416377578066829,18.23467612320438,-2.7570833189542903,3.6401305198669425,18.252719879150384,5066.659301996231
test,Route,40,457,10.755389652836506,22.781416407851925,-4.828435602542869,6.889583587646484,15.663927268981933,4915.213071346283
test,Route,86,714,6.882913463255939,12.44049733152808,-4.320617719190795,6.249763011932371,12.838416767120362,4914.40021276474
test,Route,509,581,8.323659770049655,15.930397000163726,-0.2916440311274307,5.67781400680542,13.59490966796875,4836.0463263988495
test,Route,95,1019,4.617751359237656,11.572325041908291,-1.2820663480225207,2.0306825637817383,9.562687110900882,4705.488635063171
test,Route,72,463,10.027682457835319,21.2239770160012,0.39802801222832107,6.413031578063965,15.1360466003418,4642.816977977753
test,Route,41,808,5.53683463476672,14.090256037189883,0.11466407952922406,2.5088238716125506,10.75729494094849,4473.76238489151
test,Route,7,966,4.605232380685353,13.838411361335638,-1.3108434556187063,1.297755718231202,9.657784461975098,4448.65447974205
test,Route,39,565,7.856416518287321,17.34673231452956,-3.5320780340549165,5.439204216003418,11.69478282928467,4438.875332832336
test,Route,129,487,9.092950180570693,16.987339689360002,-4.797399887069295,4.688174247741699,18.066626548767093,4428.266737937927
test,Route,25,674,6.335733669094233,18.51241019893419,-2.3702055551885497,2.1694979667663574,8.9201322555542,4270.284492969513
test,Route,79,407,10.431540949631675,14.46984574351542,-4.664034005757925,9.491387367248535,16.91293125152588,4245.637166500092
test,Route,34,723,5.783882356118694,14.263558000818044,-3.225240980441145,2.2778944969177246,11.391822052001963,4181.746943473816
test,Route,12,433,9.573683333451974,15.282135502333979,-6.449723501403668,7.586040496826172,14.993542098999026,4145.404883384705
test,Route,91,278,14.886460746792581,27.97649665624077,-5.43622447432374,9.628153324127197,19.6358045578003,4138.436087608337
test,Route,100,576,7.167245845827791,22.628506812392565,-1.1806617321239576,2.5621023178100586,9.155454635620117,4128.333607196808
test,Route,118,307,13.435081786363831,24.29144485890985,0.622796347552868,9.267840385437012,20.3506862640381,4124.570108413696
test,Route,19,238,17.21050338584836,36.52985069387536,-8.306529862540108,7.7451372146606445,39.445925140380865,4096.099805831909
test,Route,116,859,4.628395228224944,17.071829379584305,-1.6763463847434563,1.377084732055664,6.738229942321781,3975.791501045227
test,Route,320,501,7.877486841764279,24.876647822960834,-3.7934470848884887,2.454486608505249,12.241454362869263,3946.6209077239037
test,Route,37,555,7.086047062573132,14.834630051096529,-2.960462625177057,3.4720458984375,13.802758026123048,3932.7561197280884
test,Route,121,200,19.65926538467407,42.98143400588439,-12.324466791152954,4.157143592834473,62.80406627655029,3931.8530769348145
test,Route,75,505,7.766284692405474,19.20427671425766,-1.6899288583509993,2.762209892272949,13.074993705749517,3921.9737696647644
test,Route,73,343,11.239920026706885,22.46580469916025,-6.9148958500898265,6.904809951782227,17.773233795166014,3855.2925691604614
test,Route,94,381,10.083381073368503,21.660636629663713,-5.167027021643371,6.521764755249023,12.647323608398441,3841.7681889533997
test,Route,165,785,4.8833435125411695,17.75891846695918,-1.5004621226316803,1.3705244064331037,7.1900332450866715,3833.424657344818
test,Route,11,353,10.791127669574857,18.925505630364874,-5.884427389409657,8.383556365966797,15.158372116088868,3809.2680673599248
test,Route,929,838,4.4274547509760165,13.490879141769256,-0.2614607213505128,1.25901198387146,9.283494377136234,3710.2070813179016
test,Route,59,222,16.632452101320833,26.096316944623972,-9.034729429193446,9.462252616882324,31.489972686767576,3692.404366493225
test,Route,17,281,12.394665156394986,26.149330550396872,-6.40069069472072,5.504110336303711,23.79581928253174,3482.900908946991
test,Route,960,725,4.642408855701315,14.503367727876354,-1.3250767635477,1.6344165802001953,9.018182563781739,3365.7464203834534
test,Route,110,307,10.947799587871042,20.675883156849128,-6.450245517084575,8.5574951171875,16.49305648803711,3360.97447347641
test,Route,108,366,8.960587461138033,16.093658686810375,-3.925494614846068,5.746230602264406,15.184448719024658,3279.5750107765202
test,Route,133,518,6.317771078536869,17.776303797659644,-4.336244543546876,3.052325725555419,10.22702465057373,3272.605418682098
test,Route,123,389,8.118000526967576,16.87023286743963,-1.764960738870969,5.142923355102539,14.244293785095214,3157.902204990387
test,Route,109,175,17.57498491014753,29.720546893026643,-12.165613931928362,13.47411823272705,33.01967163085936,3075.622359275818
test,Route,89,616,4.966286115832143,15.032626686770122,-1.4849877450373266,1.3150639533996582,10.158873558044434,3059.2322473526
test,Route,Unknown,896,3.319345290200837,11.793257818856157,-1.065111499319333,1.0229386687278748,5.902521133422852,2974.13338001995
test,Route,38,491,5.998877416560218,19.111269445096855,-4.258670033845299,2.8729305267333984,8.34032917022705,2945.448811531067
test,Route,24,586,4.923155390361877,9.857255368631126,-1.9538805252862872,1.4549040794372559,13.252933979034424,2884.9690587520604
test,Route,45,564,5.080322072438315,9.97841662546986,-2.122502069523994,2.7072343826293945,10.247539806365968,2865.3016488552094
test,Route,985,510,5.522748647016638,18.866314444990376,-3.231954053803986,2.396566390991211,8.479811668395998,2816.601809978485
test,Route,60,583,4.658197402136199,13.364414287966985,-0.9477816282373759,1.6646347045898438,9.421868705749512,2715.729085445404
test,Route,71,259,10.364325910001188,25.623999761770886,-1.0040051891076518,4.276919364929199,19.44588432312014,2684.3604106903076
test,Route,51,243,11.025022485128646,22.156558942967877,-3.7465256683129833,5.980009078979492,18.639226722717286,2679.080463886261
test,Route,161,316,8.382454771029797,18.777364302473575,-3.349217829825003,4.060561180114747,16.92984962463379,2648.855707645416
test,Route,903,420,6.2825710188774835,17.03445144608346,-4.871856160958608,3.137418031692505,9.486715936660769,2638.679827928543
test,Route,65,272,9.593508311930824,26.65462119814831,-2.6500526473802677,2.4320216178894034,19.743636322021498,2609.4342608451843
test,Route,13,178,14.49976140729497,24.166920967243847,1.0198153190398485,9.887818813323975,24.58398475646973,2580.9575304985046
test,Route,114,205,12.254113875365839,24.519870527724226,0.2424823051545678,6.037270545959473,26.58120040893555,2512.093344449997
test,Route,9,202,12.411021437975439,29.701786385763167,-8.443596025504688,6.01536750793457,16.510655832290652,2507.026330471039
test,Route,90,308,8.098577782705233,25.581986357669663,-4.288877863388557,1.5275964736938477,11.868062973022464,2494.3619570732117
test,Route,301,155,16.00204367176179,30.40708756371623,-10.1377058306048,8.965105056762695,26.639430618286127,2480.3167691230774
test,Route,112,293,8.463866725309718,16.515970536783414,-2.3884043286684835,5.559642791748047,15.84279022216797,2479.912950515747
test,Route,64,347,7.102369963263915,21.780682121425055,-3.011321759704898,1.6047935485839844,12.496151924133308,2464.5223772525787
test,Route,88,201,12.228988474281273,18.33054703023243,-4.56174700770212,9.624478340148926,23.163822174072266,2458.026683330536
test,Route,131,419,5.809832229250087,17.956597227695962,-3.4818921100552727,2.3178091049194336,8.905313301086425,2434.319704055786
test,Route,925,404,5.9522512909209375,15.668480116953829,-0.9249900939440964,2.3681249618530273,10.412436485290527,2404.7095215320587
test,Route,927,530,4.446875822319175,16.1286538475018,-2.19293568989016,1.404691219329834,8.114083003997807,2356.8441858291626
test,Route,70,287,8.173781961514145,17.03743746852854,3.0161056767772716,4.494751930236816,14.830404090881355,2345.8754229545593
test,Route,935,538,4.316602518124208,10.378671528566,-0.9389015564688077,2.438441753387451,6.713888931274415,2322.332154750824
test,Route,98,183,12.668227860184967,27.352655919444278,-5.255957408029525,6.3109893798828125,22.01682510375977,2318.285698413849
test,Route,122,221,10.105787564187029,20.3681509019908,-3.6347283734455367,6.555879592895508,15.032803535461426,2233.3790516853333
test,Route,160,203,10.999943183560676,16.898983558256674,0.5339084352765765,9.531960487365724,19.301134872436524,2232.9884662628174
test,Route,42,280,7.855330344608852,18.574222441502968,-2.482899808883667,3.5392417907714853,14.9991364479065,2199.4924964904785
test,Route,130,221,9.861990548906283,18.20805239084868,-4.0594863244311306,5.908464431762695,19.22649383544922,2179.4999113082886
test,Route,168,289,7.425994991843676,16.902858486696836,-2.454906744115493,4.718586921691896,12.044627952575683,2146.1125526428223
test,Route,134,241,8.803522476022174,22.15658595435515,-6.069266491411138,2.621771812438965,16.534164428710938,2121.648916721344
test,Route,14,222,9.500658693614307,17.898941538472094,-2.5819195616352664,5.896744728088379,18.708717155456544,2109.146229982376
test,Route,21,247,8.52034906626713,15.287744972503802,-5.533398952561352,5.099773406982422,16.343916320800783,2104.526219367981
test,Route,107,160,12.470829969644546,24.446602349692874,-6.571983188390732,6.442524433135985,24.936660575866686,1995.3327951431274
test,Route,169,175,11.211756003243583,20.631966961738886,-5.57639894757952,7.182125091552734,19.387408065795896,1962.057300567627
test,Route,46,204,9.478155582558875,22.80517402222606,-4.873690916042702,4.865747451782227,15.228360939025894,1933.5437388420105
test,Route,26,191,10.007949771681382,13.494567666791156,-2.004560468084525,8.030851364135746,18.962203979492188,1911.518406391144
test,Route,80,189,9.492478602777712,21.10080980196624,-0.7863794508434477,3.7596664428710973,19.142561721801766,1794.0784559249876
test,Route,996,370,4.77486406274744,16.06096952492929,-1.8214991105569376,1.2916605472564706,9.426289176940925,1766.6997032165527
test,Route,8,145,12.068827497548071,27.833195830035102,-4.841512410394077,5.0507659912109375,21.623706817626953,1749.9799871444702
test,Route,31,164,10.363821314602363,26.42889922193739,-3.9479341274354516,2.443763732910157,25.901740264892595,1699.6666955947876
test,Route,50,111,15.10343616932362,35.906897889902496,-10.181412000913877,4.6856184005737305,26.878939628601074,1676.4814147949219
test,Route,104,151,11.04637061681179,20.831087476692343,-5.649814817289643,8.884407043457031,16.536672592163086,1668.0019631385803
test,Route,67,164,9.939007064191307,20.77534038622101,-3.21459843763491,4.022319793701172,22.553430938720716,1629.9971585273743
test,Route,57,205,7.878482367352741,17.935976835005455,-4.728074632039884,4.557750701904297,13.417210388183587,1615.088885307312
test,Route,111,201,8.020249983564538,19.792490986998217,-5.280656525151646,2.2780799865722656,13.105718612670898,1612.0702466964722
test,Route,56,162,9.94247461837015,20.384196590115558,-0.16466655848938747,6.346100807189941,17.349828147888186,1610.6808881759644
test,Route,508,100,15.563116993904114,25.070553607076853,-10.572750306129455,8.776992321014404,37.56597843170176,1556.3116993904114
test,Route,905,311,4.963994726874054,14.703674180415783,-3.2107632735151186,2.4251794815063477,6.8875226974487305,1543.8023600578308
test,Route,61,167,9.142312515281631,22.147306938289184,-2.3354811040227283,4.904646873474119,14.850036811828614,1526.7661900520325
test,Route,126,156,9.778446949445284,21.457898541064786,-3.1745613538301907,5.365841865539551,17.406147003173828,1525.4377241134644
test,Route,66,149,10.0352762337499,15.400462649329977,-3.4742281740943857,6.690061569213867,16.26844787597657,1495.2561588287351
test,Route,20,198,7.468207390621455,12.885115865700259,-2.1458130244052773,4.562716007232665,15.35468740463257,1478.705063343048
test,Route,995,280,5.229375185285296,15.07850186059752,-0.5371749401092529,2.8413381576538086,8.289035892486568,1464.2250518798828
test,Route,113,184,7.8747573002525,14.130487975211008,-2.0117380619049072,4.445138931274414,18.3786394119263,1448.95534324646
test,Route,78,131,10.744663751762332,18.03975472159608,-6.994388904280335,7.226742744445801,16.354307174682617,1407.5509514808655
test,Route,15,123,11.421080662952207,22.08587939546825,-1.958290561427915,8.99572372436523,17.49601707458496,1404.7929215431213
test,Route,941,192,7.251333783070247,15.31490895640168,-2.955532024304072,2.7030386924743635,14.207740402221681,1392.2560863494873
test,Route,952,240,5.092796210447947,15.397345111808136,0.7066633900006613,1.684195041656495,11.092975616455078,1222.2710905075073
test,Route,106,172,7.080272499905076,11.306765711322992,-1.7658520271611768,4.767543315887451,12.578475379943853,1217.806869983673
test,Route,900,401,3.0131368446825744,10.165325369759097,-0.2765294572064407,1.400007724761963,6.461052894592283,1208.2678747177124
test,Route,600,311,3.841219714923591,8.572202510399514,-2.3230596306790683,1.114963412284851,9.454929172992706,1194.6193313412368
test,Route,76,253,4.691849259990948,15.125298165430225,-2.3957728849569326,1.5645561218261719,9.175982666015628,1187.03786277771
test,Route,16,274,4.235707470970432,11.337549105589979,-0.7298655196698043,1.7522764205932608,9.747179985046387,1160.5838470458984
test,Route,44,374,3.0311751002296408,11.807082968239433,-1.1523440413296542,1.1486990451812744,3.8398452758789063,1133.6594874858856
test,Route,105,124,9.06582062859689,18.069889756232744,-1.008926833829572,4.6856465339660645,15.629213905334472,1124.1617579460144
test,Route,69,131,7.00707803609717,14.50058298472248,-3.684636054148201,4.134106636047363,14.127549171447754,917.9272227287292
test,Route,937,159,5.515248343629657,17.098273335471816,-1.557606226243313,2.2875804901123047,9.76922779083252,876.9244866371155
test,Route,23,152,5.373215073033383,16.796755547273364,-3.2411207337128487,1.3309073448181152,12.106330394744882,816.7286911010742
test,Route,62,106,7.463746583686684,12.180080283053755,-2.8458632433189535,4.561014652252197,13.79294490814209,791.1571378707886
test,Route,989,145,5.348455652697333,13.346156783077571,-2.1078220235890357,2.592707633972168,10.095465087890624,775.5260696411133
test,Route,945,174,4.359311073675923,7.632810402611746,-1.543361704925011,2.916231155395508,8.547180175781257,758.5201268196106
test,Route,904,134,5.283315624763716,15.752416319926859,-1.159648548311262,1.9117841720581064,8.57058620452881,707.964293718338
test,Route,902,239,2.896577825107335,7.670185793251896,-0.915574359095745,1.5610771179199219,4.5240964889526385,692.2821002006531
test,Route,984,155,3.8593015209321053,9.698384036735188,-1.7998157839621267,1.8187856674194336,6.941022872924803,598.1917357444763
test,Route,22,161,3.5595537446300436,6.009600175075928,1.5867904520923306,1.768498420715332,9.3050537109375,573.088152885437
test,Route,986,151,3.4152915872485434,7.948091428577461,-1.9539968004289843,2.3432216644287127,4.642923831939697,515.70902967453
test,Route,999,250,1.918247491005808,4.230308652969071,-0.7847128597460687,0.735736757516861,5.49230405092239,479.56187275145203
test,Route,924,150,2.9631936359405517,7.582283019094596,-1.9180798435211182,1.4282174110412598,5.652394580841058,444.47904539108276
test,delay_bucket,16-30,18270,7.793444424717558,9.471356170963869,-6.171607544129183,6.7690248489379865,15.181450366973877,142386.2296395898
test,delay_bucket,121-240,776,135.7872438756461,140.52307001474045,-135.7872438756461,131.81286907196045,189.13010454177856,105370.90124750139
test,delay_bucket,0-5,12120,8.509623954739036,11.646970237763117,8.445614070809599,7.114337682723999,16.132125854492188,103136.64233143712
test,delay_bucket,61-120,1444,54.48567912007303,58.200760921633886,-54.48392934696826,54.575411796569824,80.65528764724732,78677.32064938545
test,delay_bucket,6-10,27107,2.390406111083502,4.2305537648748786,1.0335764932535614,1.4971590042114258,4.838215637207031,64796.73845314049
test,delay_bucket,31-60,2359,19.869811074467925,23.405459776562207,-18.517298627526337,19.350303649902344,37.131553554534946,46872.88432466984
test,delay_bucket,11-15,11058,3.2832741491708126,4.95767616467808,-1.0422263125745659,2.392885208129883,6.1585649490356476,36306.44554153085
test,hour,15,5039,7.6969072803230985,18.4241549011613,-2.428511909112899,3.3107604980468768,15.118148612976073,38784.71578554809
test,hour,17,4845,7.333266264286327,18.689349993339075,-2.699831810818122,2.950450897216797,13.49429321289063,35529.67505046725
test,hour,16,5115,6.835942800193005,16.192506653792208,-1.3679222881094801,3.144619941711426,13.482128334045417,34965.84742298722
test,hour,14,4718,6.629470042521138,14.93643068730246,-1.7656988900955475,3.200458288192748,13.114645671844485,31277.83966061473
test,hour,18,4194,7.261536132595797,18.093471457423743,-2.6506245873147214,2.838196277618408,13.349441909790045,30454.882540106773
test,hour,19,3375,8.079043916797197,19.367478015593566,-3.5927561687650504,3.1982498168945312,15.850926399230955,27266.773219190538
test,hour,6,3209,8.349961504802206,20.014136543592745,-4.477186523842251,3.2297182083129883,15.681790733337412,26795.026468910277
test,hour,20,3220,7.8886881548425425,19.780052631769546,-3.1640651653272025,2.984745979309082,15.798649311065672,25401.575858592987
test,hour,8,3121,7.950589994037239,20.09992021618698,-3.309315112038363,3.0986151695251465,15.122523307800291,24813.791371390224
test,hour,22,2412,9.990166569372661,22.826866035683402,-3.966383252181669,3.98408842086792,20.78146133422852,24096.281765326858
test,hour,13,3753,6.411451254324883,14.374055807072597,-1.719087404360493,2.9032516479492188,13.661129188537604,24062.17655748129
test,hour,5,2818,8.496398200557916,19.550145795491648,-4.031627328837696,4.417731761932373,16.797068214416516,23942.85012917221
test,hour,9,3220,7.254725307887941,15.966126199026668,-2.8284596539478493,3.2214670181274423,15.309468650817868,23360.21549139917
test,hour,12,3319,6.920630575681027,17.365106550932737,-2.8458179867781226,2.7806997299194336,14.030405044555675,22969.57288068533
test,hour,7,3040,7.4808172389276715,19.330111670748888,-3.6639361065665357,2.909120559692382,13.694832229614256,22741.684406340122
test,hour,21,2797,7.94935060026904,18.878862749193782,-2.668115573245626,3.4339237213134766,16.11355085372925,22234.333628952503
test,hour,23,2072,10.656617472164017,24.728916935865083,-4.835978534022296,4.17732048034668,20.91870708465576,22080.511402323842
test,hour,10,3205,6.875031564546264,15.529822772726687,-2.6921228329123648,3.047384262084961,14.448808288574217,22034.476164370775
test,hour,11,3105,6.80817571575101,16.088990804830395,-2.5723817780592904,2.7749938964843768,14.593564414978024,21139.385597406887
test,hour,2,1317,15.494958340037186,32.50915702643901,-8.520251384219637,6.829280853271484,26.657411956787133,20406.860133828974
test,hour,0,1672,8.430035590816905,17.38819487375345,-2.393201552914081,3.5117554664611816,18.736507070064576,14095.019507845866
test,hour,4,1247,10.736759920590337,18.92951224889214,-4.755518182867178,6.645786285400391,22.130892944335937,13388.73962097615
test,hour,1,1371,9.716386488853818,18.573882711212516,-2.7343933909909324,5.892814636230469,18.963365077972412,13321.165876218583
test,hour,3,950,13.035538575913954,24.723280505230427,-7.14476962445794,7.151110887527464,23.541072273254397,12383.761647118255
test,mode,bus,58988,7.5682679264156,18.394845990523386,-2.902571236905461,3.3014535903930664,14.57611951828003,446436.9884434034
test,mode,streetcar,14146,9.26835669050272,19.87386639623919,-3.563787531396291,3.634356737136841,21.218867540359497,131110.17374385148
test,month,5,6699,8.246369998296494,19.117004148751178,-2.33998387221401,3.583918571472168,16.676145935058585,55242.43261858822
test,month,8,6410,8.01074484522206,19.40791513191559,-3.484381878993208,3.1868066787719735,15.659556770324716,51348.874457873404
test,month,6,6690,7.533370813336474,16.530005907665863,-2.0679790503007145,3.476901054382324,15.639151191711427,50398.25074122101
test,month,7,6533,7.578508173483775,18.581369249516367,-2.756390679223366,3.108942985534668,14.596241378784182,49510.393897369504
test,month,1,6062,7.973870586108568,20.88688790760993,-3.95971355543981,3.0039453506469727,15.098167324066178,48337.603492990136
test,month,12,6093,7.92845846628833,18.444039799477288,-3.564476406188513,3.5471954345703125,15.024928665161134,48308.097435094794
test,month,4,6151,7.699975845401926,17.853554932749176,-2.516803448867244,3.2791929244995117,15.475101470947266,47362.55142506724
test,month,9,5959,7.915075740351695,18.71558122595884,-3.100364746553703,3.425090789794922,15.090394401550284,47165.93633675575
test,month,10,5713,8.10802946405858,18.671737397526826,-3.242840617640818,3.5935144424438477,15.924477672576911,46321.17232816667
test,month,3,5936,7.736192078034662,16.933730343464365,-2.3545381419343068,3.4350748062133807,17.02368927001953,45922.036175213754
test,month,11,5501,8.327406292255894,20.26674611511682,-3.843253165052943,3.647637367248535,15.219707489013672,45809.06201369967
test,month,2,5387,7.7632729283858835,18.69182904687167,-3.4258025262272462,3.1638431549072266,15.657174015045188,41820.751265214756
validation,Direction,E,15655,7.203351899516045,16.859347643598294,-3.1697658902918784,3.1579842567443848,14.642270469665537,112768.4739869237
validation,Direction,Unknown,11633,9.143858800616833,21.363878400232057,-4.3184007345622115,3.855001449584961,18.63563804626465,106370.50942757561
validation,Direction,W,14785,7.190221171542665,16.85752861014541,-3.193027609091354,3.054931163787842,14.497544479370116,106307.4200212583
validation,Direction,N,14328,6.771673608169849,16.078049194576526,-2.577758810374239,2.7579976320266724,13.969285488128667,97024.53945785761
validation,Direction,S,13594,6.684866031660602,15.879020576404148,-2.775256895032002,2.6616477966308594,13.825996780395508,90874.06883439422
validation,Direction,B,68,42.54776085124296,59.14081341525535,-18.278123336679794,28.523012161254883,102.84540977478028,2893.2477378845215
validation,Incident,Diversion,4623,38.169712435392086,55.25188661324829,-18.127728393834417,24.398210525512695,94.65198211669923,176458.58058881763
validation,Incident,Mechanical,20893,3.7303641060659554,6.55837639889068,-1.4570661938377893,2.1732120513916016,8.540593910217286,77938.49726803601
validation,Incident,General Delay,5213,9.339745243486398,15.600314610603265,-5.235420606939636,7.255693435668945,17.406764221191406,48688.09195429459
validation,Incident,Operations - Operator,11359,4.020628630123211,6.687109767406665,-1.060564879435911,2.404110908508301,9.131432914733889,45670.32060956955
validation,Incident,Security,6524,6.423629709575976,10.84271150792952,-1.9860671516393662,4.348931789398193,13.188884782791135,41907.76022527367
validation,Incident,Emergency Services,4266,6.44041312788433,10.667735557597139,-3.2133428245412046,4.120520353317261,14.739190101623535,27474.802403554553
validation,Incident,Collision - TTC,3909,4.177446089315675,7.894603459055871,-1.4943507707485513,2.3002672195434553,9.9147216796875,16329.636763134971
validation,Incident,Held By,1131,12.621239190497933,26.252477936160325,-5.151988989794602,5.758212089538574,26.219922065734863,14274.621524453163
validation,Incident,Operations,2851,4.475014255940391,11.775809818625824,-3.1009181246281674,1.858691692352295,8.916196346282959,12758.265643686056
validation,Incident,Cleaning - Unsanitary,3227,3.5692326049520977,6.076939493406174,-1.739790061844884,1.9564123153686523,8.776792907714846,11517.91361618042
validation,Incident,Utilized Off Route,2696,4.0410226466747705,9.478492380232005,-2.351430400211132,2.0097708702087402,8.5113525390625,10894.59705543518
validation,Incident,Collision - TTC Involved,666,14.464327622909803,28.257433054647453,-6.795197595615645,5.9552369117736825,42.209792613983154,9633.24219685793
validation,Incident,Investigation,1488,5.787410856775379,12.318701019425571,-1.2754084713036014,3.2510154247283936,11.671695613861084,8611.667354881763
validation,Incident,Road Blocked - NON-TTC Collision,235,32.221095379362716,45.17995646954617,-5.1121472886268124,23.01055908203125,72.6713912963867,7571.957414150238
validation,Incident,Vision,787,4.152926117484724,6.449301756722352,-2.032502000751459,2.7556629180908203,9.26611919403076,3268.352854460478
validation,Incident,Overhead,86,25.669895754304044,46.206844841935286,-11.417747370032377,11.32712173461914,85.2594702243805,2207.6110348701477
validation,Incident,Rail/Switches,76,12.39237919763515,27.017759670290886,0.17758016994124964,9.721178531646729,14.75648546218872,941.8208190202713
validation,Incident,Other,33,2.743034521738688,3.581806769564696,-1.953676902886593,2.232637405395508,7.032593536376954,90.52013921737671
validation,Location,KENNEDY STATION,1232,4.905481931130559,10.151534966367576,-2.103454942808958,3.0596165657043466,9.896189975738528,6043.553739152849
validation,Location,EGLINTON STATION,903,5.232172596873767,10.141610972221928,-2.5479955787905557,3.091517448425291,10.683473587036135,4724.651854977012
validation,Location,KIPLING STATION,1067,4.412726892135695,6.300661037620417,-1.9537871726897686,2.7847976684570312,10.132722854614258,4708.379593908787
validation,Location,FINCH STATION,925,4.403829267508275,6.958577928173684,-1.1483821362740285,2.3880176544189453,10.235906600952148,4073.5420724451546
validation,Location,WILSON STATION,981,4.02555262131064,7.543946870570283,-1.9679922795076983,2.041006088256836,9.272903442382812,3949.0671215057373
validation,Location,WARDEN STATION,610,6.266395111797286,9.927169580393814,-2.033130351295237,4.268035650253296,13.867763280868532,3822.501018196345
validation,Location,DUNDAS WEST STATION,527,6.218097615852754,11.78315970270141,-3.7134770104057195,3.3712663650512695,12.881273078918472,3276.9374435544014
validation,Location,PAPE STATION,673,4.2626007046511765,6.033867626484413,0.6682430738237248,2.8936328887939435,9.295565414428715,2868.730274230242
validation,Location,PIONEER VILLAGE STATIO,874,3.161307139582165,6.275611122952589,-1.085181751022077,1.8569488525390634,6.553036880493165,2762.982439994812
validation,Location,SHEPPARD WEST STATION,480,5.547910767048597,9.345623682335534,-2.4304769155879815,3.7042388916015625,11.714516925811768,2662.9971681833267
validation,Location,SCARBOROUGH CENTRE STATION,597,4.392647153390977,7.947146389848692,-1.887473459996305,2.796855926513672,9.00011825561523,2622.4103505744133
validation,Location,LAWRENCE WEST STATION,302,7.534112734510409,10.419001829535608,-4.105188530801938,5.606053829193115,14.746456909179692,2275.3020458221436
validation,Location,VICTORIA PARK STATION,593,3.666749155843037,8.019184546619714,-1.3243391333904877,1.4168930053710938,9.50722160339356,2174.382249414921
validation,Location,DON MILLS STATION,440,4.92661399201236,7.326694831603891,-1.8611395542255857,3.0179705619811994,11.136672115325931,2167.7101564854383
validation,Location,ENTIRE ROUTE,203,10.199421904063577,14.476012419687507,-0.8403588254463497,8.224135398864746,18.88746089935303,2070.482646524906
validation,Location,YORK MILLS STATION,405,4.986757889206027,8.069585517590928,-2.098970424098733,2.930098533630373,12.049447631835942,2019.6369451284409
validation,Location,JANE STATION,435,4.336089039396966,10.354740290407603,-1.7072049968544094,1.9739151000976562,9.806310653686523,1886.1987321376803
validation,Location,EGLINTON WEST STATION,523,3.4987731428948687,6.027976403502816,-1.93558931601435,1.699197769165039,8.607691383361816,1829.8583537340164
validation,Location,ISLINGTON STATION,273,6.43510883981055,9.910864339335257,-3.301800387246268,5.137892723083496,11.685047149658205,1756.78471326828
validation,Location,DAVISVILLE STATION,163,10.555529724235184,17.35866070677732,-7.633543557550278,6.699095726013184,21.153973770141608,1720.551345050335
validation,Location,SPADINA STATION,285,5.734317392006255,9.15206235266768,-2.316614610479589,2.8015995025634766,14.95470743179321,1634.2804567217827
validation,Location,BROADVIEW STATION,288,5.512715404542784,13.610539747817132,-2.840042607548336,2.417428731918335,11.65128140449524,1587.6620365083218
validation,Location,QUEEN AND BROADVIEW,157,9.9643501662145,18.710418504738872,-4.0228527605913245,4.578953742980955,25.826853561401382,1564.4029760956764
validation,Location,KEELE STATION,431,3.5559597120484177,6.0288484048052835,-0.3858724210212513,1.9779338836669922,8.946544647216797,1532.618635892868
validation,Location,ROYAL YORK STATION,226,6.648224984913801,10.351673228553848,-3.3144252318724066,5.282508850097656,12.764331340789795,1502.498846590519
validation,Location,KING AND SPADINA,110,12.601020303097638,25.656573540884004,-6.842032985795628,5.178807735443115,30.614216423034673,1386.1122333407402
validation,Location,MAIN STREET STATION,295,4.398267550387625,7.632131748634797,-1.2255482512005305,2.1845808029174805,10.577783584594728,1297.4889273643494
validation,Location,LAWRENCE STATION,203,6.36937229504139,11.060765571182555,-3.342520565822207,4.67669677734375,12.693149566650394,1292.982575893402
validation,Location,RUNNYMEDE STATION,170,7.277228699186269,10.232665435829043,-2.3393724594046086,5.354392528533934,13.922224044799805,1237.1288788616657
validation,Location,CASTLE FRANK STATION,279,4.338256524241526,7.549170532213872,-0.25384321840860513,2.627793312072754,8.603265190124512,1210.3735702633858
validation,Location,COXWELL STATION,173,6.916397272851426,16.731994801954976,-0.9343438021020393,4.195192337036133,11.86337471008301,1196.5367282032967
validation,Location,FINCH WEST STATION,452,2.5987988735458494,5.024567072533098,-0.35442302804605097,1.2861135005950928,6.674911499023441,1174.6570908427238
validation,Location,STREET CLAIR STATION,229,5.12430737359555,10.791275147680743,-1.9793493277901646,2.5872964859008807,11.974094295501711,1173.466388553381
validation,Location,BATHURST STATION,353,3.294636636634724,7.303789080015234,-1.42740010767753,1.4298954010009766,7.467569446563721,1163.0067327320576
validation,Location,YONGE AND STEELES,113,9.982925156576444,31.22147764528053,-6.305221041746899,2.767923355102541,10.660164260864256,1128.0705426931381
validation,Location,QUEEN AND DUFFERIN,176,6.36784038591114,16.273260890045087,-3.239182857965881,1.8089089393615723,11.977429151535034,1120.7399079203606
validation,Location,STREET CLAIR WEST STATION,172,6.33519168856532,10.474645878673808,-0.8573782506377198,3.071390151977539,13.590251541137697,1089.6529704332352
validation,Location,KING AND BATHURST,125,8.674527012348175,17.96544466285851,-2.5985401644706725,4.108240127563477,19.006873607635498,1084.3158765435219
validation,Location,LONG BRANCH LOOP,192,5.441296672215685,9.748269441967853,-2.5115489629873387,3.0821609497070304,11.821168547868732,1044.7289610654116
validation,Location,YORKDALE STATION,168,5.819125114596405,10.875132967037256,-3.1704008279789595,4.606092929840088,9.537265777587892,977.6130192521961
validation,Location,KINGSTON LOOP,178,5.452309389295203,9.56963160768161,0.42361193811625575,3.7310606241226196,7.145796585083009,970.5110712945461
validation,Location,KINGSTON ROAD LOOP,101,9.180218310196802,25.89372079907585,-3.3021979088535405,4.073288917541504,8.077143669128418,927.202049329877
validation,Location,OSSINGTON STATION,199,4.614773394025151,11.320411361386352,-2.467907962637331,2.38552188873291,8.377611351013185,918.339905411005
validation,Location,QUEEN AND RONCESVALLES,155,5.798104074693495,9.600292801336444,-0.8205096175593715,2.9055867195129395,15.669541740417477,898.7061315774918
validation,Location,QUEEN AND KINGSTON,127,6.95507455505724,16.607929430691634,-3.4531136650269425,2.6436829566955566,11.728082275390628,883.2944684922695
validation,Location,UNION STATION,149,5.915387628462491,12.3537350409018,-1.8375365770103147,3.1811766624450684,11.797657394409185,881.3927566409111
validation,Location,QUEEN AND SPADINA,132,6.635041176369696,13.58269817226924,-1.5822158248135538,3.205535411834717,16.071872258186346,875.8254352807999
validation,Location,WILSON GARAGE,212,4.038468177096461,6.945237757686364,-2.2045329129499085,2.16520619392395,9.384635639190675,856.1552535444497
validation,Location,WOODBINE STATION,121,6.810818474154827,10.330259837110559,-2.002629958893642,4.886391639709473,15.525589942932127,824.1090353727341
validation,Location,SPADINA AND KING,104,7.601339491514059,15.32858531427416,-4.152883598437676,2.9439826011657715,18.694536399841333,790.5393071174622
validation,Location,LAWRENCE AND JANE,122,6.051205478730749,7.992495959320234,-2.511514069604092,4.776697158813477,11.823497009277345,738.2470684051514
validation,Location,QUEEN AND LESLIE,114,6.440551249604476,11.33138016233393,0.48981401167417826,3.8868870735168457,11.709282779693604,734.2228424549103
validation,Location,RENFORTH STATION,209,3.457045559677781,9.092594461022426,-3.1200871901078657,1.8155336380004883,5.479032707214357,722.5225219726562
validation,Location,MARKHAM AND SHEPPARD,111,6.415706939525433,9.548735483004974,-0.8672165054458756,4.529052734375,14.624155044555664,712.143470287323
validation,Location,STEELES LOOP,167,4.249329366369875,7.055638438920906,-0.09406315423771296,2.694119691848755,8.211045074462891,709.6380041837691
validation,Location,SPADINA AND QUEEN,113,6.047740860322936,18.821299984045908,-3.9049135478196946,2.0741376876831055,10.466971588134763,683.3947172164917
validation,Location,SCARBOROUGH TOWN CENTR,127,5.208551024358104,7.812626871977104,-2.329286563584185,3.6618051528930664,10.73452033996582,661.4859800934792
validation,Location,SHEPPARD STATION,121,5.0857385298437325,7.488642613720907,-2.674023016425204,3.133678436279297,12.717673301696776,615.3743621110916
validation,Location,EXHIBITION LOOP,147,4.1462190207980925,12.027188994419825,-2.03901139976216,1.7479124069213867,7.187829399108888,609.4941960573196
validation,Location,BATHURST AND WILSON,243,2.4566914816942726,7.321483675517689,-1.1056005976818226,0.8080663681030273,5.4402790069580105,596.9760300517082
validation,Location,BINGHAM LOOP,121,4.917854102189875,11.567301552653014,-2.0495886782969324,1.5435905456542969,13.864212036132812,595.060346364975
validation,Location,PINE AND LAWRENCE,132,4.248323274381233,10.148284411114965,-3.0259826905799634,1.8754067420959482,10.998394775390627,560.7786722183228
validation,Location,JANE AND TRETHEWEY,149,3.7101876207646107,13.901012404533166,-1.5554563055102457,1.4653587341308594,4.00348644256592,552.817955493927
validation,Location,MALVERN GARAGE,105,5.208500111528806,8.703792517166749,-2.8787812069767997,2.947420120239258,11.249295997619631,546.8925117105246
validation,Location,WILSON AND JANE,133,4.090818623851116,5.826638443026313,-0.31088195528302887,2.65756893157959,9.022982788085937,544.0788769721985
validation,Location,ELLESMERE AND MARKHAM,111,4.67896952715006,17.583900092103036,-1.9001751397107098,2.5655641555786115,6.469231605529783,519.3656175136566
validation,Location,WOLSELEY LOOP,140,3.517836901119777,10.733715198303628,-1.1929222140993392,1.8657963275909424,4.59998083114624,492.4971661567688
validation,Location,MEADOWVALE LOOP,110,4.460808849334716,6.636281237297728,-1.9254218838431618,3.01190185546875,9.31679077148438,490.6889734268188
validation,Location,EGLINTON AND KEELE,141,3.349646619448425,5.063954459001728,-1.9541798546804603,1.8894338607788086,7.763350486755373,472.30017334222794
validation,Location,ARROW GARAGE,132,3.559101170027685,5.546629097470314,-1.543605316500885,2.097693681716919,8.103425598144531,469.8013544436544
validation,Location,DUFFERIN AND LAWRENCE,167,2.7301122713945585,5.715447928547397,0.00020886181357378017,1.2965764999389648,4.122395324707033,455.9287493228913
validation,Location,MOUNT DENNIS GARAGE,114,3.556945907899685,5.278392532912697,0.14022080672153253,2.289189338684083,7.696410083770752,405.4918335005641
validation,Location,KEELE AND EGLINTON,114,3.319662202868545,4.924352199798524,0.439368072308992,2.3569326400756827,6.663127040863039,378.44149112701416
validation,Location,HUMBERWOOD LOOP,115,3.238505207973978,5.817569704681358,-0.948478373237278,1.198110580444336,9.112562370300294,372.42809891700745
validation,Route,501,3853,7.391455112046896,17.933141221693663,-2.5920055027661495,2.5367069244384766,16.121819686889648,28479.27654671669
validation,Route,504,2362,8.525329822407851,19.23691616855506,-4.059777642992167,3.2655677795410156,19.313156127929688,20136.829040527344
validation,Route,505,1832,9.998974610494214,22.33935916055564,-4.791388850935682,3.8392791748046875,21.643371105194092,18318.1214864254
validation,Route,506,1862,8.961380155462967,19.42479158940069,-4.0530656334152795,2.768587350845337,21.701679801940926,16686.089849472046
validation,Route,52,1376,7.505805556857308,12.547183658337168,-3.287897857122643,5.407609462738036,13.167713642120361,10327.988446235657
validation,Route,510,1409,7.286877444316683,16.17222300450035,-3.718987685217766,3.0178308486938477,16.142210769653328,10267.210319042206
validation,Route,32,1912,4.9721420469643185,13.345324341183886,-3.6670093783274855,2.0830230712890634,9.693064498901368,9506.735593795776
validation,Route,36,1670,5.644188169233813,19.837697862577418,-2.9145612709536524,1.248213291168213,10.218756771087644,9425.794242620468
validation,Route,102,923,9.447336158669783,16.499863282943483,-1.9231226116192819,5.7201995849609375,17.623716735839846,8719.89127445221
validation,Route,72,838,9.2365711048281,18.605162079356155,-0.15433259681756287,6.522129058837891,12.403902053833011,7740.246585845947
validation,Route,97,405,18.735547954653516,26.318852355695732,-10.709381658059579,11.219278335571289,41.38427963256836,7587.896921634674
validation,Route,47,930,7.226723375115343,14.28035752612578,-1.7950758898130028,4.812989711761475,12.309097671508791,6720.852738857269
validation,Route,85,842,7.403966465641937,11.845249349229562,-2.012357402867206,5.165088653564454,14.643482303619384,6234.139764070511
validation,Route,53,750,8.302369758923849,19.217757178727318,-4.69891742738088,3.680750846862794,15.906745529174808,6226.777319192886
validation,Route,54,988,6.12693769222329,13.818755268688854,-2.598720822981012,2.9799323081970224,11.424409866333008,6053.414439916611
validation,Route,96,755,7.963513788008532,16.654781088718252,-1.421878617015106,4.405329704284668,15.312815856933595,6012.452909946442
validation,Route,512,1058,5.553531952864281,13.149842932403965,-1.5265797301140986,2.5073955059051514,9.877079963684098,5875.636806130409
validation,Route,35,1303,4.335622849504672,12.195681397099081,-1.229105101305068,1.6988267898559553,9.006793785095212,5649.316572904588
validation,Route,41,956,5.859209202822282,16.14036496002751,-0.4785982919038589,2.438872814178466,10.834028720855713,5601.403997898102
validation,Route,29,1285,4.258431095093605,13.923174360902033,-2.1830484186165062,1.4251093864440918,5.60611562728882,5472.083957195282
validation,Route,34,737,7.406904534374843,17.966034588467988,-4.224549670717609,3.5956668853759766,13.383701133728026,5458.888641834259
validation,Route,39,616,8.74642198194157,17.425196560826674,-5.1697594631801955,6.233960151672364,11.11835527420044,5387.795940876007
validation,Route,7,1239,4.128698782347401,14.33983715259363,-1.8072425628304962,1.155099868774414,8.572378349304204,5115.45779132843
validation,Route,86,714,6.721365508912992,14.871399085348031,-3.0500158539005353,3.6870083808898926,11.174542045593267,4799.054973363876
validation,Route,68,403,11.740144922478915,21.31772048401992,-7.9516729858909585,6.790395736694336,25.6405445098877,4731.278403759003
validation,Route,63,939,5.00904909033364,14.335922182080088,-2.0307237071097215,1.505497932434082,9.309687900543214,4703.497095823288
validation,Route,503,542,8.638749126138721,19.23478856097755,-2.8530582290733872,2.4761621952056885,18.65677146911621,4682.202026367187
validation,Route,300,455,10.206867231379498,18.34965753441454,-2.3595390835961143,6.361015558242798,20.72486381530763,4644.124590277672
validation,Route,511,580,7.971353358030319,15.617677247418298,-3.690231042278224,2.8033525943756104,19.611647796630873,4623.384947657585
validation,Route,84,566,8.13853003532221,21.397501347052806,-3.4161017876210567,2.8298234939575186,16.604088306427002,4606.407999992371
validation,Route,37,466,9.728905221423366,18.259252735015206,-5.032297764724928,6.634866714477539,16.467812538146973,4533.669833183289
validation,Route,939,747,5.8666825029585095,15.744460677310302,-2.3150756422933965,2.6550302505493164,9.604248809814457,4382.411829710007
validation,Route,79,431,9.954886916618612,17.982402099329285,-5.768857942656409,6.864362716674805,16.424180030822754,4290.556261062622
validation,Route,Unknown,892,4.740830300476051,13.62321846783792,-1.4700699754877877,1.8168891668319702,7.863263130187987,4228.820628024638
validation,Route,73,350,11.566013471058437,22.740683328302357,-5.770024655205863,6.727285385131836,17.42124786376954,4048.104714870453
validation,Route,95,808,4.852170853921683,13.134769631858983,-1.0417628424002392,2.3656744956970224,9.011726093292252,3920.5540499687195
validation,Route,320,477,7.899859684318367,21.12172613534365,-4.283256499272473,2.5493953227996826,16.01019916534424,3768.233069419861
validation,Route,45,615,6.056240037204773,14.0524732670074,-3.0898701214208835,3.4655799865722656,10.25535526275635,3724.5876228809357
validation,Route,43,588,6.166855092356805,16.748166448650753,-2.182892296184488,2.311171293258667,11.016284751892096,3626.1107943058014
validation,Route,108,351,10.221655185406025,21.86378346697055,-5.849297852258057,5.624711036682127,15.489544868469238,3587.8009700775146
validation,Route,116,794,4.496383202166041,15.44740601607962,-0.9583963224809776,1.3465967178344735,7.738352298736572,3570.1282625198364
validation,Route,57,257,13.64226767432365,31.55569226589068,-10.845225209855847,5.988796234130859,27.26696853637696,3506.062792301178
validation,Route,12,356,9.773057588030783,19.389300487727354,-5.792099313789539,6.6873841285705575,14.510599136352539,3479.2085013389587
validation,Route,46,260,13.213766530843882,30.513256054997225,-7.7410381133739765,5.647167682647705,24.517705059051508,3435.579298019409
validation,Route,75,485,7.03610311144406,16.00726073772824,-2.6720955578322263,2.5285377502441406,12.87563514709473,3412.5100090503693
validation,Route,509,425,7.998164988966549,16.998884555803443,-3.292279652146732,3.7940618991851807,15.734143924713136,3399.2201203107834
validation,Route,24,655,4.884938781316044,15.3675913239217,-2.4778520755185425,1.1418666839599592,11.69375228881836,3199.6349017620087
validation,Route,40,322,9.876656862519543,18.032102696386765,-6.913483650788017,6.854557991027832,15.677972412109376,3180.2835097312927
validation,Route,19,265,11.64946015735842,24.649419459257917,-4.454381088040909,5.537221908569336,20.70808639526367,3087.1069416999817
validation,Route,129,301,10.175829828775603,21.625989596438156,-3.833414304296044,4.930233001708984,21.873085021972656,3062.9247784614563
validation,Route,960,777,3.8841893844776325,11.973744296102696,-1.764252641486385,1.7419767379760742,7.883804512023924,3018.0151517391205
validation,Route,26,162,18.51804777133612,35.84736273071203,-13.993042118755387,9.739124298095703,26.732266712188746,2999.923738956452
validation,Route,110,264,11.15437850446412,26.222314156168007,-6.2697290687850025,6.684769630432129,15.467560863494887,2944.755925178528
validation,Route,25,646,4.491640887024233,14.036827603493025,-2.408920827295758,1.5830399990081783,7.869974136352539,2901.6000130176544
validation,Route,89,725,3.921830450255295,12.585043800167226,-0.7010397121824067,1.117201805114746,8.79898948669435,2843.327076435089
validation,Route,17,330,8.611261487729621,17.521375267095788,-3.646559878551599,4.7346062660217285,20.29485187530518,2841.716290950775
validation,Route,59,225,12.49974754333496,19.031983587041324,-7.555273827446832,8.710653305053711,27.118624496459958,2812.443197250366
validation,Route,165,702,3.8544990832989035,11.574646410666515,-0.43457591907251253,1.2859406471252441,8.043251419067381,2705.85835647583
validation,Route,109,179,14.706837089368085,24.444882682516553,-9.935958175019845,9.81184196472168,25.404269027709976,2632.523838996887
validation,Route,21,283,9.162250596305928,19.19458530455159,-5.652874980292977,5.11262321472168,16.63935432434082,2592.9169187545776
validation,Route,16,299,8.644176377899273,23.573905226186884,-4.145980557470417,2.0079221725463885,17.24907226562499,2584.6087369918823
validation,Route,94,315,8.194074143303766,18.074082113650572,-3.629178648146372,4.957822799682615,11.667654609680179,2581.133355140686
validation,Route,60,626,4.102846744723213,11.911735662856593,-1.6300241859576192,1.3177485466003427,9.12370491027832,2568.3820621967316
validation,Route,161,382,6.602435718656211,15.496017926105875,-3.594399574539424,3.1361069679260254,11.208472537994385,2522.1304445266724
validation,Route,51,272,9.171577895388884,16.62310077700657,-2.044872185763191,4.83584499359131,20.339895057678223,2494.6691875457764
validation,Route,88,193,12.855503314517323,23.738742582929127,-6.455621724301669,7.638904571533203,25.522872543334966,2481.1121397018433
validation,Route,927,431,5.641866261333988,19.087995857294125,-3.6592558188117574,1.4536628723144513,9.05037784576416,2431.6443586349487
validation,Route,104,233,10.168926296315991,17.307778432909377,-7.2016539675995,7.196020603179932,15.952057075500493,2369.359827041626
validation,Route,42,270,8.744563537173802,22.861616203567525,-2.545364362222177,3.399707317352295,14.384629249572752,2361.0321550369263
validation,Route,168,364,6.383216504212264,16.108982952647995,-3.4011134616621246,3.6995849609375,9.838408660888671,2323.490807533264
validation,Route,107,180,12.693008274502224,21.408694388382827,-5.565400430891249,7.786830902099609,27.45497932434082,2284.7414894104004
validation,Route,929,728,3.0594999390644033,10.86440583445576,-0.37078278208826926,1.1352467536926278,3.471317481994636,2227.3159556388855
validation,Route,935,512,4.287636743858457,11.24199530252842,-1.0703057423233986,1.8681221008300781,7.297643089294436,2195.27001285553
validation,Route,905,309,6.937749408209594,16.754431916294138,-4.109792764132848,4.371748924255373,9.119199752807614,2143.7645671367645
validation,Route,123,279,7.594560876114821,13.0459603858214,-1.325139524261584,5.134088516235352,11.860097503662114,2118.882484436035
validation,Route,160,207,10.194750799649004,25.651507442593076,-6.4230829137534915,3.9695072174072266,17.295238876342772,2110.3134155273438
validation,Route,11,264,7.957499229546749,14.77892968801436,-3.2506576957124653,4.797691822052002,14.68605766296387,2100.779796600342
validation,Route,64,281,7.42164730516617,21.127705045336985,-2.4861661810891906,1.9074621200561523,15.512391090393066,2085.4828927516937
validation,Route,80,171,11.945855865701597,19.879391058908954,-4.630013242799636,6.990777969360352,29.10072898864746,2042.7413530349731
validation,Route,121,152,13.398743871011233,33.62705143148403,-7.713293128891995,3.5397796630859375,31.237348556518565,2036.6090683937073
validation,Route,91,188,10.783456074430587,22.89865381737787,-6.64496441851271,7.486104488372802,14.949063014984132,2027.2897419929504
validation,Route,118,219,8.950767930784181,13.476865714352751,-4.282332969038454,6.385051727294918,17.037445640563977,1960.2181768417356
validation,Route,56,183,10.411001755240186,21.29661818408488,-3.5285169700455796,5.526645660400391,17.883916854858406,1905.213321208954
validation,Route,113,259,7.348009479552162,18.094008755543047,-2.679524475082928,3.5702457427978516,13.74115562438966,1903.13445520401
validation,Route,985,463,4.073643546382501,7.033220190878528,-0.5395554404536798,2.51788330078125,8.019067192077637,1886.0969619750979
validation,Route,301,143,12.902111203520448,17.187488896378845,-8.13369409521143,8.135709762573239,24.467105007171632,1845.001902103424
validation,Route,70,233,7.895705938339233,14.042728770233722,-0.7904097931579459,5.486672401428224,13.255697250366211,1839.6994836330414
validation,Route,100,275,6.671037606326016,22.205959155796272,-2.7852247480912644,1.6996197700500488,8.704133987426756,1834.5353417396545
validation,Route,62,210,8.71313517888387,15.824483499089153,-3.6255427178882416,5.083089351654053,16.079043960571283,1829.7583875656128
validation,Route,13,166,10.94643238079117,20.96568131840212,-2.9523978089711753,6.402732849121094,21.26404619216919,1817.1077752113345
validation,Route,65,266,6.823906002188087,15.29013398302121,-0.008654630273804628,2.6933956146240234,12.990702152252197,1815.1589965820312
validation,Route,14,203,8.684003825258152,18.60109263306727,-3.6639707499536973,5.1450347900390625,13.870812225341803,1762.8527765274048
validation,Route,98,198,8.540313041571414,17.011978019947232,-5.453774746018227,6.146518707275391,14.984184455871585,1690.98198223114
validation,Route,134,222,7.463111967653842,17.509657584027075,-2.5995850047549687,4.214257717132569,13.460676765441896,1656.8108568191528
validation,Route,169,133,12.24675398661678,22.207420451307367,-7.433953485990825,6.68133544921875,20.322898864746094,1628.8182802200317
validation,Route,106,255,6.263034583073036,14.306081205866441,-3.227918039583692,3.5541067123413086,13.258044815063473,1597.0738186836243
validation,Route,900,264,5.960048089424769,18.15601799736561,-2.8745450350371273,1.8802142143249512,11.859545564651498,1573.452695608139
validation,Route,126,165,9.393293889363607,13.334083183500294,-3.6109767567027697,8.092567443847656,16.938151550292964,1549.8934917449951
validation,Route,9,156,9.86488502453535,18.297767943917904,-6.27150531915518,7.510876655578613,14.270503997802734,1538.9220638275146
validation,Route,600,446,3.4451105865600806,11.779115337160585,-1.8704431088043025,0.9834131896495819,8.739794373512268,1536.519321605796
validation,Route,112,195,7.819550306369097,10.715739163489609,-2.8093083430559207,6.390783309936523,13.777293395996093,1524.8123097419739
validation,Route,38,292,5.18961696673746,12.639762001212931,-2.5301331877708435,2.543170452117921,9.03303918838502,1515.3681542873383
validation,Route,133,328,4.522108082364245,11.437153331026565,-3.063290687595926,2.3321328163146955,9.360488414764403,1483.2514510154724
validation,Route,111,163,9.047287309096635,23.155270958443438,-4.284074426428672,3.0804433822631836,16.979615020751964,1474.7078313827515
validation,Route,15,111,13.08997020635519,26.797552008986163,-6.79097994812974,8.064852714538574,21.267909049987793,1452.986692905426
validation,Route,20,235,6.115964528347583,14.783465225450104,-2.272862791507802,3.313680648803711,11.72372627258301,1437.2516641616821
validation,Route,131,246,5.777769553952101,13.059300224064978,-3.0024230150672477,2.2621684074401864,12.07116174697876,1421.3313102722168
validation,Route,120,123,11.255006255173102,15.534408794798912,-4.846529867590927,10.037075996398926,17.382272720336914,1384.3657693862915
validation,Route,995,235,5.841957540714994,13.00674516259328,-2.867807836735502,3.6463441848754883,9.293462753295897,1372.8600220680237
validation,Route,87,150,9.138624588648478,22.261428719540184,-4.837001625696818,2.0042200088500977,22.659501838684065,1370.7936882972717
validation,Route,67,179,7.62751803051826,14.927161646142954,-0.22613532849530268,3.5231103897094727,16.818417739868167,1365.3257274627686
validation,Route,925,334,3.7764425663177126,11.322614225429788,-1.738654402201761,1.408050298690796,7.627427053451537,1261.331817150116
validation,Route,122,108,11.658789740668404,24.865996619620688,-6.893541159453215,8.730873107910156,16.618889904022218,1259.1492919921875
validation,Route,71,191,6.572530292091569,11.030916797018435,2.8504167476873747,4.365703582763672,11.857500076293945,1255.3532857894897
validation,Route,61,157,7.895217640384747,17.700891552442965,-4.977641476187737,3.4162521362304688,15.629092407226565,1239.5491695404053
validation,Route,130,140,8.803529255730766,12.963098189370921,-1.3475228922707694,6.649353981018066,19.400409507751466,1232.4940958023071
validation,Route,996,359,3.371658447393136,12.893508665497205,-1.23558667376845,0.9160985946655273,6.523840713500976,1210.4253826141357
validation,Route,90,282,3.701400359471639,9.228663059945157,-0.8656313114977897,1.3604559898376465,8.5477445602417,1043.7949013710022
validation,Route,903,233,4.369117580258283,9.38068985686377,-0.4221247849034649,2.790703296661377,7.408158874511721,1018.00439620018
validation,Route,941,162,6.228740397794747,8.85808044928242,-3.394950849038583,4.977072715759276,9.719678688049317,1009.0559444427489
validation,Route,78,101,9.987576333603057,14.582802979424397,-5.162742019879936,7.078269004821776,14.845855712890623,1008.7452096939088
validation,Route,23,160,6.135832041501999,19.91710337596289,-3.3576388895511626,1.529715061187745,11.799512958526611,981.7331266403198
validation,Route,44,255,3.7573002488005396,10.724887822894221,-1.4098040814493216,1.4908456802368164,5.985054683685302,958.1115634441376
validation,Route,125,106,8.889938556923056,17.546936505506803,-3.8845185018935293,4.473604679107666,17.327691555023193,942.333487033844
validation,Route,69,128,7.3375089932233095,13.258684613797147,-2.0503796730190516,4.621310710906983,13.729397678375243,939.2011511325836
validation,Route,22,134,6.950046286654117,17.75330118916166,-1.598851285763641,1.4940185546874991,17.76924629211426,931.3062024116516
validation,Route,945,198,4.588183265743834,17.343962616939443,-3.0995269038460473,1.2748656272888184,4.513366985321048,908.4602866172792
validation,Route,984,164,5.41916641665668,23.56201702991487,-4.569565351416425,1.3001976013183594,6.421812629699713,888.7432923316956
validation,Route,31,143,6.194592135769504,12.061367110237658,0.4798996932023055,3.2206544876098633,13.425382232666012,885.8266754150391
validation,Route,76,157,5.61652393705526,13.459467408566812,-2.874114437467733,1.5022897720336914,11.842073440551761,881.7942581176758
validation,Route,124,133,6.628983816706148,14.97452773201708,-5.269902168359971,3.1972084045410156,16.286329841613767,881.6548476219177
validation,Route,105,147,5.9730762494664615,10.98979575975955,1.1374663593006782,3.442807197570801,13.718861389160159,878.0422086715698
validation,Route,119,106,7.799445638116801,13.08219637365447,-5.2534967818350164,6.114277362823486,14.243277072906494,826.7412376403809
validation,Route,937,119,6.772234752398579,19.035544566285136,-3.2170230761295606,2.8268127441406232,11.234611320495606,805.8959355354309
validation,Route,986,123,6.038986806947041,21.880846111670458,-2.577683499188927,2.6315298080444336,6.512911128997798,742.7953772544861
validation,Route,989,148,4.991084372675097,14.001206987065906,-2.211182326883883,1.8850078582763672,9.941512775421144,738.6804871559143
validation,Route,953,101,7.022151637785505,17.084677899323818,-1.421715549903341,2.6202650070190447,14.985637664794918,709.2373154163361
validation,Route,902,210,3.303173035667056,6.249778425496452,-0.7541637125469389,2.334786891937255,5.250591754913329,693.6663374900818
validation,Route,132,106,5.981251752601479,12.670307056483209,-3.322700914346947,3.926128387451172,10.266266345977783,634.0126857757568
validation,Route,952,177,3.320369475305417,6.056227856047664,1.688317086063536,1.8237562179565447,7.044199180603029,587.7053971290588
validation,Route,81,157,3.660715033294289,7.788542207445125,0.6601508286348574,1.5730094909667969,7.1380442619323725,574.7322602272034
validation,Route,999,202,2.7977512713318857,12.58971314064902,-1.6332423474621212,0.7668787240982056,4.684906011819841,565.1457568090409
validation,Route,92,105,5.190606348855155,8.819865870409101,0.6197203999473935,2.6787118911743164,11.87780284881593,545.0136666297913
validation,Route,954,107,5.0500766250574705,15.021539839313139,-4.030747215324473,1.9071998596191406,5.768280696868897,540.3581988811493
validation,Route,924,138,2.2429486530414526,6.221055897092372,-1.3181301925493323,1.2469868659973145,2.5401098251342775,309.52691411972046
validation,delay_bucket,16-30,17361,8.13363377831717,9.789395327154077,-6.642720600779475,7.132098197937012,15.89471435546875,141208.0160253644
validation,delay_bucket,121-240,661,131.6524906651696,135.8506266725807,-131.6524906651696,128.39245319366455,179.7332248687744,87022.2963296771
validation,delay_bucket,0-5,9517,7.858224138337859,11.598600864739314,7.784700648736648,5.837689399719238,15.410465240478516,74786.71912456141
validation,delay_bucket,61-120,1247,54.15460756308763,58.13627036405776,-54.11922583297051,52.955848693847656,82.4704519271851,67530.79563117027
validation,delay_bucket,6-10,28516,2.265799364003736,3.9229768360824178,0.935324617857363,1.4093475341796875,4.875577449798584,64611.534663930535
validation,delay_bucket,31-60,2137,20.99228687488871,24.3357948624892,-19.559504286256637,20.83250141143799,37.97040557861328,44860.51705163717
validation,delay_bucket,11-15,10624,3.409109623451908,5.021875967807278,-1.138765600027449,2.556964874267578,6.4469385147094735,36218.38063955307
validation,hour,15,4798,6.632054148509744,16.437007343782142,-2.836195624589908,2.665174961090088,12.837535190582276,31820.595804549754
validation,hour,17,4674,6.646314508154523,16.70492764271122,-2.7843451379843382,2.523130416870117,12.62480869293213,31064.87401111424
validation,hour,16,4843,6.344646584110278,15.460172445451597,-2.27853573915275,2.5515804290771484,12.887423133850099,30727.12340684608
validation,hour,18,4304,6.617368838272047,16.50628658697967,-2.5648055598797574,2.6847705841064453,12.99683980941773,28481.15547992289
validation,hour,14,4159,6.656958504393428,16.18098664716267,-2.91238206871128,2.8136863708496094,13.063070297241222,27686.290419772267
validation,hour,19,3178,7.388397300190394,17.292396087282892,-3.326815637003201,3.091982841491699,14.68821396827698,23480.32662000507
validation,hour,6,3174,7.2819824385437375,18.346240602567406,-3.610886642172998,2.908672332763672,13.631050491333024,23113.012259937823
validation,hour,13,3631,6.309975930594505,15.656970984072975,-2.6287423444989297,2.5021018981933594,12.175562143325806,22911.522603988647
validation,hour,22,2256,9.864661624376062,23.850656130695157,-4.216144386654165,3.537660837173462,20.33260726928711,22254.676624592397
validation,hour,5,2621,8.488424888913276,19.724687873245614,-4.355272999355262,4.060855865478516,17.267393112182617,22248.161633841697
validation,hour,21,2697,8.072559128407338,18.614325453428098,-2.967090725994741,3.3962335586547834,16.64448757171631,21771.69196931459
validation,hour,9,3304,6.535757314440846,14.330471458561847,-2.8153887079176254,3.053663730621338,13.468135643005382,21594.142166912556
validation,hour,20,2748,7.746366502524044,17.48400614256374,-3.010311928010302,3.267153739929199,16.312519836425803,21287.015148936072
validation,hour,23,2076,10.178641719797444,22.678872877367244,-4.8357678506099875,4.159142017364502,21.766792297363285,21130.860210299492
validation,hour,12,3301,6.265622672444039,14.973380966738643,-2.7831363582955966,2.5692806243896484,13.01675033569336,20682.82044173777
validation,hour,10,3086,6.615791425187979,15.73280708118355,-3.069792811262674,2.8109323978424072,13.243063926696777,20416.3323381301
validation,hour,7,2994,6.738387690955348,16.57274068100915,-2.8324094130424315,2.572882890701294,13.452584362030036,20174.732746720314
validation,hour,8,3019,6.355231147968994,15.506571166215176,-2.7797116118478002,2.7001686096191406,12.071208953857422,19186.442835718393
validation,hour,11,3031,6.103895883219386,12.996124995972643,-2.396474509364463,2.6657586097717276,12.982786178588867,18500.90842203796
validation,hour,2,1215,14.908012151620024,30.317292762110117,-8.59022011079906,6.470185279846191,26.186289978027403,18113.23476421833
validation,hour,0,1617,8.525231779137732,18.437673655382696,-3.1788016528941703,3.722789764404297,18.238523864746107,13785.299786865713
validation,hour,4,1191,10.711513871666416,18.79786986266789,-4.755336178934294,6.587651252746582,21.979698181152344,12757.413021154702
validation,hour,3,914,12.65410861193612,22.640950425246192,-6.537325999440719,7.327232837677002,23.351621580123904,11565.855271309614
validation,hour,1,1232,9.321243082765829,19.27631498229958,-3.270690655916349,5.53663945198059,18.178106927871706,11483.7714779675
validation,mode,bus,55708,7.144063007378181,17.10763211182616,-3.066947875914125,3.0605216026306135,14.176049900054934,397981.4620150237
validation,mode,streetcar,14355,8.238021417685147,18.711471091786812,-3.6306446910257417,2.9946250915527344,19.081230163574226,118256.79745087028
validation,month,11,6711,7.364008340725072,17.78397037866692,-3.461301485007159,3.032364845275879,15.145834922790527,49419.85997460596
validation,month,12,6830,7.00136882689172,15.613234823003626,-2.515560721899458,3.154100775718689,14.917105197906503,47819.349087670445
validation,month,9,5993,7.94080990830947,18.57610649118998,-3.7124650680403937,3.1369037628173846,16.713884925842287,47589.273780498654
validation,month,10,6780,6.884346513638608,15.66763286201935,-3.2280633439933526,3.048783779144289,14.384438991546634,46675.86936246976
validation,month,8,6319,7.322911791261719,17.97319691838478,-3.522372619466024,2.915066719055176,14.736743545532223,46273.4796089828
validation,month,7,6261,7.116470711031741,17.253220656837396,-2.6108481655130276,3.0252342224121094,14.020925521850586,44556.223121769726
validation,month,6,5327,7.988631675694706,18.20719763485664,-3.4092623811440346,3.357802391052246,16.27169837951661,42555.4409364257
validation,month,3,5371,7.368987953262253,17.531250260062432,-2.7873385196190665,2.9824771881103516,15.4800386428833,39578.83429697156
validation,month,5,5266,7.386079857849262,16.815373597109062,-2.3875181364345015,3.1668479442596436,14.898287296295166,38895.09653143422
validation,month,2,5213,7.2861128677345155,17.916824630352142,-3.5698932842829394,2.7989206314086914,14.385897827148453,37982.50637950003
validation,month,1,4880,7.745636289982033,19.803262034814075,-4.301039494097721,2.8687388896942148,14.786564922332765,37798.705095112324
validation,month,4,5112,7.256185698445379,16.622078075045575,-2.84005563792296,3.1000499725341797,14.734637928009034,37093.62129045278
